brand,product,source,rating,title,review_text,date
boAt,Airdopes 141,amazon,2,Battery drains fast,"Sound is decent for the price but battery barely lasts 2 hours now, earlier it was 5+.",2026-08-02
boAt,Airdopes 141,amazon,1,Left bud stopped charging,Left earbud stopped charging after 3 months. Service center asked me to courier it at my own cost.,2026-08-05
boAt,Airdopes 141,flipkart,4,Value for money,Bass is punchy and the fit is comfortable. Good for gym at this price.,2026-08-07
boAt,Airdopes 141,flipkart,2,Battery issue,Sound accha hai but battery 2 ghante mein khatam ho jaati hai. Disappointed.,2026-08-10
boAt,Airdopes 311 Pro,amazon,3,Mic is average,Music is fine but people complain my voice is muffled on calls.,2026-08-11
boAt,Airdopes 311 Pro,amazon,5,Great buy,Excellent sound and low latency in games. Connects instantly.,2026-08-12
boAt,Airdopes 141,amazon,1,Case hinge broke,The case hinge broke within a month. Build quality feels cheap.,2026-08-14
boAt,Nirvana Ion,flipkart,4,Long battery,Battery lasts all week for me. ANC is okay not great.,2026-08-15
boAt,Airdopes 141,flipkart,2,Charging problem,Right bud not charging in the case properly. Have to adjust it every time.,2026-08-18
boAt,Airdopes 141,amazon,2,Battery drains fast,"Sound is decent for the price  but battery barely lasts 2 hours now, earlier it was 5+.",2026-08-02
Noise,Buds VS104,amazon,4,Solid battery,Battery backup is really good. Easily 6 hours on a single charge.,2026-08-03
Noise,Buds VS104,amazon,3,Average sound,Sound is flat and bass is weak compared to boAt. Battery is good though.,2026-08-06
Noise,Buds VS104,flipkart,2,Connectivity drops,Keeps disconnecting from my phone every few minutes.,2026-08-09
Noise,Buds X Prime,flipkart,4,Comfortable,Very light and comfortable for long calls. Mic is clear.,2026-08-13
Noise,Buds X Prime,amazon,5,Best under 1500,Best earbuds under 1500. App works well and the ANC is surprisingly good.,2026-08-16
Noise,Buds VS104,amazon,2,Delivery late,Product is okay but delivery took 9 days and the box was damaged.,2026-08-19
JBL,Wave Beam,amazon,5,Premium sound,Sound quality is clearly a level above. Worth the extra money.,2026-08-04
JBL,Wave Beam,flipkart,4,Great but pricey,Great clarity and build. Slightly expensive but lasts long.,2026-08-08
JBL,Tune Beam,amazon,4,Good ANC,ANC works well on the metro. Battery is fine.,2026-08-12
JBL,Tune Beam,flipkart,3,Fit issue,Sound is great but they keep falling out of my ears while running.,2026-08-17
JBL,Wave Beam,amazon,2,Warranty hassle,One bud died and warranty claim took 5 weeks.,2026-08-20
Sony,WF-C700N,amazon,5,Not our category list,Excellent earbuds overall.,2026-08-20
boAt,Airdopes 141,amazon,3,,,2026-08-21
